-- phpMyAdmin SQL Dump
-- version 5.2.1
-- https://www.phpmyadmin.net/
--
-- Hôte : 127.0.0.1:3306
-- Généré le : ven. 07 nov. 2025 à 08:11
-- Version du serveur : 9.1.0
-- Version de PHP : 8.3.14

SET SQL_MODE = "NO_AUTO_VALUE_ON_ZERO";
START TRANSACTION;
SET time_zone = "+00:00";


/*!40101 SET @OLD_CHARACTER_SET_CLIENT=@@CHARACTER_SET_CLIENT */;
/*!40101 SET @OLD_CHARACTER_SET_RESULTS=@@CHARACTER_SET_RESULTS */;
/*!40101 SET @OLD_COLLATION_CONNECTION=@@COLLATION_CONNECTION */;
/*!40101 SET NAMES utf8mb4 */;

--
-- Base de données : `trouve_ton_artisan`
--

--
-- Déchargement des données de la table `artisan`
--

INSERT INTO `artisan` (`id_artisan`, `nom_artisan`, `note`, `localisation`, `a_propos`, `email`, `site_web`, `id_specialite`, `top`, `image`) VALUES
(1, 'Boucherie Dumont', 4.5, 'Lyon', 'Lorem ipsum dolor sit amet, consectetur adipiscing elit. Phasellus eleifend ante sem, id volutpat massa fermentum nec. Praesent volutpat scelerisque mauris, quis sollicitudin tellus sollicitudin.', 'boucherie.dumond@gmail.com', NULL, 12, 0, NULL),
(2, 'Au pain chaud', 4.8, 'Montélimar', 'Lorem ipsum dolor sit amet, consectetur adipiscing elit. Phasellus eleifend ante sem, id volutpat massa fermentum nec. Praesent volutpat scelerisque mauris, quis sollicitudin tellus sollicitudin.', 'aupainchaud@hotmail.com', NULL, 13, 1, '/images/boulanger.png'),
(3, 'Chocolaterie Labbé', 4.9, 'Lyon', 'Lorem ipsum dolor sit amet, consectetur adipiscing elit. Phasellus eleifend ante sem, id volutpat massa fermentum nec. Praesent volutpat scelerisque mauris, quis sollicitudin tellus sollicitudin.', 'chocolaterie-labbe@gmail.com', 'https://chocolaterie-labbe.fr', 14, 1, '/images/Chocolatier.png'),
(4, 'Traiteur Truchon', 4.1, 'Lyon', 'Lorem ipsum dolor sit amet, consectetur adipiscing elit. Phasellus eleifend ante sem, id volutpat massa fermentum nec. Praesent volutpat scelerisque mauris, quis sollicitudin tellus sollicitudin.', 'contact@truchon-traiteur.fr', 'https://truchon-traiteur.fr', 15, 0, NULL),
(5, 'Orville Salmons', 5.0, 'Evian', 'Lorem ipsum dolor sit amet, consectetur adipiscing elit. Phasellus eleifend ante sem, id volutpat massa fermentum nec. Praesent volutpat scelerisque mauris, quis sollicitudin tellus sollicitudin.', 'o-salmons@live.com', NULL, 1, 1, NULL),
(6, 'Mont Blanc Électricité', 4.5, 'Chamonix', 'Lorem ipsum dolor sit amet, consectetur adipiscing elit. Phasellus eleifend ante sem, id volutpat massa fermentum nec. Praesent volutpat scelerisque mauris, quis sollicitudin tellus sollicitudin.', 'contact@mont-blanc-electricite.com', 'https://mont-blanc-electricite.com', 2, 0, NULL),
(7, 'Boutot & Fils', 4.7, 'Bourg-en-Bresse', 'Lorem ipsum dolor sit amet, consectetur adipiscing elit. Phasellus eleifend ante sem, id volutpat massa fermentum nec. Praesent volutpat scelerisque mauris, quis sollicitudin tellus sollicitudin.', 'boutot-menuiserie@gmail.com', 'https://boutot-menuiserie.com', 3, 0, NULL),
(8, 'Vallis Bellemare', 4.0, 'Vienne', 'Lorem ipsum dolor sit amet, consectetur adipiscing elit. Phasellus eleifend ante sem, id volutpat massa fermentum nec. Praesent volutpat scelerisque mauris, quis sollicitudin tellus sollicitudin.', 'v.bellemare@gmail.com', 'https://plomberie-bellemare.com', 4, 0, NULL),
(9, 'Royden Charbonneau', 3.8, 'Saint-Priest', 'Lorem ipsum dolor sit amet, consectetur adipiscing elit. Phasellus eleifend ante sem, id volutpat massa fermentum nec. Praesent volutpat scelerisque mauris, quis sollicitudin tellus sollicitudin.', 'r.charbonneau@gmail.com', NULL, 5, 0, NULL),
(10, 'Leala Dennis', 3.8, 'Chambéry', 'Lorem ipsum dolor sit amet, consectetur adipiscing elit. Phasellus eleifend ante sem, id volutpat massa fermentum nec. Praesent volutpat scelerisque mauris, quis sollicitudin tellus sollicitudin.', 'l.dennos@hotmail.fr', 'https://coiffure-leala-chambery.fr', 5, 0, NULL),
(11, 'C\'est sup\'hair', 4.1, 'Romans-sur-Isère', 'Lorem ipsum dolor sit amet, consectetur adipiscing elit. Phasellus eleifend ante sem, id volutpat massa fermentum nec. Praesent volutpat scelerisque mauris, quis sollicitudin tellus sollicitudin.', 'sup-hair@gmail.com', 'https://sup-hair.fr', 5, 0, NULL),
(12, 'Le monde des fleurs', 4.6, 'Annonay', 'Lorem ipsum dolor sit amet, consectetur adipiscing elit. Phasellus eleifend ante sem, id volutpat massa fermentum nec. Praesent volutpat scelerisque mauris, quis sollicitudin tellus sollicitudin.', 'contact@le-monde-des-fleurs-annonay.fr', 'https://le-monde-des-fleurs-annonay.fr', 6, 0, NULL),
(13, 'Valérie Laderoute', 4.5, 'Valence', 'Lorem ipsum dolor sit amet, consectetur adipiscing elit. Phasellus eleifend ante sem, id volutpat massa fermentum nec. Praesent volutpat scelerisque mauris, quis sollicitudin tellus sollicitudin.', 'v-laredoute@gmail.com', NULL, 7, 0, NULL),
(14, 'CM Graphisme', 4.4, 'Valence', 'Lorem ipsum dolor sit amet, consectetur adipiscing elit. Phasellus eleifend ante sem, id volutpat massa fermentum nec. Praesent volutpat scelerisque mauris, quis sollicitudin tellus sollicitudin.', 'contact@cm-graphisme.com', 'https://cm-graphisme.com', 8, 0, NULL),
(15, 'Claude Quinn', 4.2, 'Aix-les-Bains', 'Lorem ipsum dolor sit amet, consectetur adipiscing elit. Phasellus eleifend ante sem, id volutpat massa fermentum nec. Praesent volutpat scelerisque mauris, quis sollicitudin tellus sollicitudin.', 'claude.quinn@gmail.com', NULL, 9, 0, NULL),
(16, 'Amitee Lécuyer', 4.5, 'Annecy', 'Lorem ipsum dolor sit amet, consectetur adipiscing elit. Phasellus eleifend ante sem, id volutpat massa fermentum nec. Praesent volutpat scelerisque mauris, quis sollicitudin tellus sollicitudin.', 'a.amitee@hotmail.com', 'https://lecuyer-couture.com', 10, 0, NULL),
(17, 'Ernest Carignan', 5.0, 'Le Puy-en-Velay', 'Lorem ipsum dolor sit amet, consectetur adipiscing elit. Phasellus eleifend ante sem, id volutpat massa fermentum nec. Praesent volutpat scelerisque mauris, quis sollicitudin tellus sollicitudin.', 'e-carigan@hotmail.com', NULL, 11, 0, NULL);

--
-- Déchargement des données de la table `categorie`
--

INSERT INTO `categorie` (`id_categorie`, `nom_categorie`) VALUES
(1, 'Bâtiment'),
(2, 'Services'),
(3, 'Fabrication'),
(4, 'Alimentation');

--
-- Déchargement des données de la table `specialite`
--

INSERT INTO `specialite` (`id_specialite`, `nom_specialite`, `id_categorie`) VALUES
(1, 'Chauffagiste', 1),
(2, 'Électricien', 1),
(3, 'Menuisier', 1),
(4, 'Plombier', 1),
(5, 'Coiffeur', 2),
(6, 'Fleuriste', 2),
(7, 'Toiletteur', 2),
(8, 'Webdesign', 2),
(9, 'Bijoutier', 3),
(10, 'Couturier', 3),
(11, 'Ferronier', 3),
(12, 'Boucher', 4),
(13, 'Boulanger', 4),
(14, 'Chocolatier', 4),
(15, 'Traiteur', 4);
COMMIT;

/*!40101 SET CHARACTER_SET_CLIENT=@OLD_CHARACTER_SET_CLIENT */;
/*!40101 SET CHARACTER_SET_RESULTS=@OLD_CHARACTER_SET_RESULTS */;
/*!40101 SET COLLATION_CONNECTION=@OLD_COLLATION_CONNECTION */;
